Sygnatura czasowa,PÅ‚eÄ‡,Wiek,Wzrost (cm),Waga (kg),Czy jesz miÄ™so?,Czy palisz papierosy?,Co robisz na codzieÅ„?,Jak spÄ™dzasz czas wolny?,Jak czÄ™sto jesz fast foody?,Opinie i komentarze
2020-11-08 16:30:36,Kobieta,18 - 29,170,54,Tak,Nie,"studia dzienne, praca","aktywnie (uprawiam sport), pasywnie (netflix and chill), poÅ›wiÄ™cam siÄ™ swojemu hobby",raz w tygodniu,
2020-11-08 16:30:40,MÄ™Å¼czyzna,18 - 29,195,115,Tak,Tak,studia dzienne,poÅ›wiÄ™cam siÄ™ swojemu hobby,raz w tygodniu,
2020-11-08 16:30:53,MÄ™Å¼czyzna,18 - 29,179,80,Tak,Tak,"studia dzienne, praca",pasywnie (netflix and chill),raz w tygodniu,
2020-11-08 16:31:37,Kobieta,18 - 29,165,53,Nie,Nie,studia dzienne,"aktywnie (uprawiam sport), pasywnie (netflix and chill), zdobywam nowe umiejÄ™tnoÅ›ci (gra na gitarze, gotowanie..), spÄ™dzanie czasu ze znajomymi",raz w miesiÄ…cu,
2020-11-08 16:32:11,Kobieta,18 - 29,165,57,Tak,Nie,studia dzienne,pasywnie (netflix and chill),rzadziej niÅ¼ raz w miesiÄ…cu,
2020-11-08 16:32:47,Kobieta,18 - 29,161,65,Tak,Nie,"studia zaoczne, praca","aktywnie (uprawiam sport), pasywnie (netflix and chill)",raz w tygodniu,
2020-11-08 16:33:03,MÄ™Å¼czyzna,18 - 29,187,65,Tak,Tak,studia dzienne,"pasywnie (netflix and chill), poÅ›wiÄ™cam siÄ™ swojemu hobby",raz w tygodniu,
2020-11-08 16:33:28,MÄ™Å¼czyzna,18 - 29,189,93,Tak,Tak,"studia dzienne, praca","pasywnie (netflix and chill), nauka na tych pierdolonych zdalnych studiach ",raz w tygodniu,elo
2020-11-08 16:34:00,Kobieta,18 - 29,164,105,Tak,Tak,"studia zaoczne, praca",pasywnie (netflix and chill),raz w miesiÄ…cu,
2020-11-08 16:34:35,MÄ™Å¼czyzna,18 - 29,190,79,Tak,Nie,"studia zaoczne, praca",aktywnie (uprawiam sport),raz w tygodniu,
2020-11-08 16:34:47,MÄ™Å¼czyzna,18 - 29,183,81,Tak,Nie,"studia zaoczne, praca","aktywnie (uprawiam sport), pasywnie (netflix and chill), zdobywam nowe umiejÄ™tnoÅ›ci (gra na gitarze, gotowanie..), poÅ›wiÄ™cam siÄ™ swojemu hobby",raz w miesiÄ…cu,
2020-11-08 16:35:48,Kobieta,18 - 29,168,60,Tak,Nie,Wykonuje zawod: house manager ğŸ‘,Kanapa + telefon,raz w miesiÄ…cu,ğŸ‘
2020-11-08 16:36:25,MÄ™Å¼czyzna,18 - 29,185,92,Tak,Nie,studia dzienne,"aktywnie (uprawiam sport), pasywnie (netflix and chill), zdobywam nowe umiejÄ™tnoÅ›ci (gra na gitarze, gotowanie..)",raz w tygodniu,
2020-11-08 16:36:45,MÄ™Å¼czyzna,18 - 29,178,77,Tak,Nie,studia dzienne,"aktywnie (uprawiam sport), zdobywam nowe umiejÄ™tnoÅ›ci (gra na gitarze, gotowanie..), poÅ›wiÄ™cam siÄ™ swojemu hobby",Raz na tydzieÅ„/raz na dwa tygodnie,
2020-11-08 16:38:00,MÄ™Å¼czyzna,18 - 29,190,85,Tak,Nie,studia dzienne,"aktywnie (uprawiam sport), pasywnie (netflix and chill), zdobywam nowe umiejÄ™tnoÅ›ci (gra na gitarze, gotowanie..)",raz w tygodniu,
2020-11-08 16:38:32,Kobieta,18 - 29,161,56,Tak,Nie,"studia dzienne, praca","aktywnie (uprawiam sport), pasywnie (netflix and chill)",raz w miesiÄ…cu,
2020-11-08 16:39:23,MÄ™Å¼czyzna,18 - 29,187,80,Tak,Nie,"studia zaoczne, praca","pasywnie (netflix and chill), poÅ›wiÄ™cam siÄ™ swojemu hobby",rzadziej niÅ¼ raz w miesiÄ…cu,
2020-11-08 16:42:37,Kobieta,18 - 29,170,55.5,Tak,Nie,praca,pasywnie (netflix and chill),raz w tygodniu,
2020-11-08 16:43:24,MÄ™Å¼czyzna,18 - 29,195,63,Tak,Nie,studia dzienne,pasywnie (netflix and chill),raz w tygodniu,
2020-11-08 16:43:36,Kobieta,18 - 29,168,57,Tak,Nie,studia dzienne,"aktywnie (uprawiam sport), pasywnie (netflix and chill)",raz w tygodniu,
2020-11-08 16:43:56,MÄ™Å¼czyzna,18 - 29,170,66,Tak,Nie,"studia dzienne, praca","aktywnie (uprawiam sport), poÅ›wiÄ™cam siÄ™ swojemu hobby",raz w tygodniu,
2020-11-08 16:44:06,MÄ™Å¼czyzna,18 - 29,195,101,Tak,Nie,"studia dzienne, praca",pasywnie (netflix and chill),raz w tygodniu,"Ciekawe moÅ¼e byÄ‡ to rozczarowanie, gdy gimbaza wchodzÄ…c w ankietÄ™ 18+ nie widzi nic zdroÅ¼nego :V  "
2020-11-08 16:44:46,MÄ™Å¼czyzna,30 - 39,183,110,Tak,Nie,"praca, studia doktoranckie dzienne","aktywnie (uprawiam sport), pasywnie (netflix and chill), zdobywam nowe umiejÄ™tnoÅ›ci (gra na gitarze, gotowanie..), poÅ›wiÄ™cam siÄ™ swojemu hobby",raz w tygodniu,
2020-11-08 16:45:11,Kobieta,18 - 29,169,60,Tak,Tak,studia dzienne,"aktywnie (uprawiam sport), pasywnie (netflix and chill)",raz w miesiÄ…cu,
2020-11-08 16:45:16,Kobieta,18 - 29,170,57,Tak,Nie,studia dzienne,"pasywnie (netflix and chill), poÅ›wiÄ™cam siÄ™ swojemu hobby",raz w miesiÄ…cu,
2020-11-08 16:46:08,Kobieta,60 +,163,57,Tak,Tak,Emerytka,"Czytam,rozwiazujÄ™ krzyÅ¼owki gotuje",nigdy,
2020-11-08 16:46:10,MÄ™Å¼czyzna,18 - 29,176,62,Tak,Nie,studia dzienne,"aktywnie (uprawiam sport), pasywnie (netflix and chill), zdobywam nowe umiejÄ™tnoÅ›ci (gra na gitarze, gotowanie..), poÅ›wiÄ™cam siÄ™ swojemu hobby",raz w tygodniu,lol xd
2020-11-08 16:46:44,MÄ™Å¼czyzna,18 - 29,188,74,Tak,Nie,"studia zaoczne, praca","aktywnie (uprawiam sport), pasywnie (netflix and chill)",raz w tygodniu,
2020-11-08 16:46:48,MÄ™Å¼czyzna,18 - 29,182,85,Tak,Nie,studia dzienne,aktywnie (uprawiam sport),raz w tygodniu,
2020-11-08 16:47:37,MÄ™Å¼czyzna,30 - 39,184,76,Tak,Nie,praca,"pasywnie (netflix and chill), zdobywam nowe umiejÄ™tnoÅ›ci (gra na gitarze, gotowanie..), poÅ›wiÄ™cam siÄ™ swojemu hobby",nigdy,Super ankieta :) 
2020-11-08 16:48:12,Kobieta,18 - 29,173,52,Tak,Nie,"studia dzienne, praca","aktywnie (uprawiam sport), pasywnie (netflix and chill), poÅ›wiÄ™cam siÄ™ swojemu hobby",raz w miesiÄ…cu,LubiÄ™ placki
2020-11-08 16:52:17,MÄ™Å¼czyzna,18 - 29,187,70,Tak,Nie,studia dzienne,pasywnie (netflix and chill),raz w tygodniu,
2020-11-08 16:52:42,Kobieta,18 - 29,168,55,Tak,Nie,studia dzienne,"aktywnie (uprawiam sport), pasywnie (netflix and chill), zdobywam nowe umiejÄ™tnoÅ›ci (gra na gitarze, gotowanie..)",rzadziej niÅ¼ raz w miesiÄ…cu,
2020-11-08 16:53:17,MÄ™Å¼czyzna,18 - 29,180,80,Tak,Nie,studia dzienne,"aktywnie (uprawiam sport), pasywnie (netflix and chill)",raz w miesiÄ…cu,
2020-11-08 16:55:10,MÄ™Å¼czyzna,30 - 39,198,99,Tak,Tak,"studia dzienne, praca","aktywnie (uprawiam sport), pasywnie (netflix and chill), zdobywam nowe umiejÄ™tnoÅ›ci (gra na gitarze, gotowanie..), poÅ›wiÄ™cam siÄ™ swojemu hobby",raz w tygodniu,
2020-11-08 16:55:11,MÄ™Å¼czyzna,18 - 29,180,81,Tak,Nie,studia dzienne,"aktywnie (uprawiam sport), pasywnie (netflix and chill)",raz w miesiÄ…cu,
2020-11-08 16:55:26,MÄ™Å¼czyzna,18 - 29,174,68,Tak,Tak,studia dzienne,"aktywnie (uprawiam sport), pasywnie (netflix and chill), zdobywam nowe umiejÄ™tnoÅ›ci (gra na gitarze, gotowanie..), poÅ›wiÄ™cam siÄ™ swojemu hobby",rzadziej niÅ¼ raz w miesiÄ…cu,
2020-11-08 16:55:52,Kobieta,18 - 29,164,53.5,Tak,Nie,"studia dzienne, praca","aktywnie (uprawiam sport), pasywnie (netflix and chill), zdobywam nowe umiejÄ™tnoÅ›ci (gra na gitarze, gotowanie..)",raz w miesiÄ…cu,
2020-11-08 16:56:10,Kobieta,18 - 29,161,65,Tak,Nie,"studia dzienne, praca","aktywnie (uprawiam sport), pasywnie (netflix and chill), poÅ›wiÄ™cam siÄ™ swojemu hobby",raz w tygodniu,
2020-11-08 16:56:10,MÄ™Å¼czyzna,18 - 29,180,80,Tak,Nie,studia dzienne,"pasywnie (netflix and chill), poÅ›wiÄ™cam siÄ™ swojemu hobby",Raz na 2 tygodnie,
2020-11-08 16:58:26,Kobieta,18 - 29,162,57,Nie,Nie,"studia dzienne, praca","pasywnie (netflix and chill), zdobywam nowe umiejÄ™tnoÅ›ci (gra na gitarze, gotowanie..)",raz w miesiÄ…cu,
2020-11-08 16:59:14,Kobieta,18 - 29,164,68,Tak,Nie,studia dzienne,"pasywnie (netflix and chill), poÅ›wiÄ™cam siÄ™ swojemu hobby",kilka razy w tygodniu,"MoÅ¼na uwzglÄ™dniÄ‡ w ankiecie ewentualne zaburzenia psychiczne, gdyÅ¼ przez to Å¼e takowe posiadam brak mi checi do wszystkiego, brak siÅ‚y i samozaparcia, co sprowadza sie do niedbania o siebie. "
2020-11-08 16:59:17,Kobieta,18 - 29,169,71,Tak,Nie,studia dzienne,"aktywnie (uprawiam sport), zdobywam nowe umiejÄ™tnoÅ›ci (gra na gitarze, gotowanie..), poÅ›wiÄ™cam siÄ™ swojemu hobby",raz w tygodniu,
2020-11-08 17:00:28,Kobieta,18 - 29,174,50,Tak,Nie,"studia dzienne, praca","aktywnie (uprawiam sport), poÅ›wiÄ™cam siÄ™ swojemu hobby",raz w miesiÄ…cu,
2020-11-08 17:00:30,Kobieta,18 - 29,153,59,Tak,Nie,studia dzienne,"pasywnie (netflix and chill), zdobywam nowe umiejÄ™tnoÅ›ci (gra na gitarze, gotowanie..), poÅ›wiÄ™cam siÄ™ swojemu hobby",raz w tygodniu,
2020-11-08 17:00:44,Kobieta,18 - 29,162,52,Tak,Nie,studia dzienne,"pasywnie (netflix and chill), poÅ›wiÄ™cam siÄ™ swojemu hobby",raz w miesiÄ…cu,Pozdrawiam OlÄ™ Lis! Trzymam kciuki za zdanie przedmiotu!
2020-11-08 17:01:20,MÄ™Å¼czyzna,18 - 29,178,83,Tak,Nie,praca,poÅ›wiÄ™cam siÄ™ swojemu hobby,raz w tygodniu,
2020-11-08 17:02:32,Kobieta,60 +,163,63,Tak,Nie,emerytka-uprawa dziaÅ‚ki,poÅ›wiÄ™cam siÄ™ swojemu hobby,nigdy,
2020-11-08 17:02:52,MÄ™Å¼czyzna,18 - 29,174,67,Tak,Nie,studia dzienne,poÅ›wiÄ™cam siÄ™ swojemu hobby,raz w miesiÄ…cu,
2020-11-08 17:03:29,Kobieta,18 - 29,165,65,Tak,Tak,studia dzienne,"pasywnie (netflix and chill), zdobywam nowe umiejÄ™tnoÅ›ci (gra na gitarze, gotowanie..), poÅ›wiÄ™cam siÄ™ swojemu hobby",raz w miesiÄ…cu,
2020-11-08 17:03:47,Kobieta,18 - 29,169,64,Tak,Nie,studia dzienne,pasywnie (netflix and chill),raz w miesiÄ…cu,
2020-11-08 17:03:49,Kobieta,18 - 29,178,70,Tak,Tak,studia dzienne,"pasywnie (netflix and chill), zdobywam nowe umiejÄ™tnoÅ›ci (gra na gitarze, gotowanie..)",raz w miesiÄ…cu,
2020-11-08 17:04:41,Kobieta,18 - 29,173,69,Tak,Tak,studia dzienne,pasywnie (netflix and chill),raz w tygodniu,
2020-11-08 17:05:29,MÄ™Å¼czyzna,18 - 29,182,74,Tak,Nie,studia dzienne,poÅ›wiÄ™cam siÄ™ swojemu hobby,raz w miesiÄ…cu,
2020-11-08 17:05:37,MÄ™Å¼czyzna,18 - 29,175,95,Tak,Nie,studia dzienne,"pasywnie (netflix and chill), poÅ›wiÄ™cam siÄ™ swojemu hobby",raz w tygodniu,
2020-11-08 17:06:08,MÄ™Å¼czyzna,18 - 29,182,115,Tak,Nie,studia dzienne,aktywnie (uprawiam sport),kilka razy w tygodniu,
2020-11-08 17:06:22,Kobieta,18 - 29,178,68,Tak,Tak,studia dzienne,pasywnie (netflix and chill),raz w tygodniu,
2020-11-08 17:06:28,MÄ™Å¼czyzna,18 - 29,180,77,Tak,Nie,Studia Wojskowe,aktywnie (uprawiam sport),raz w tygodniu,Nie polecam Watu
2020-11-08 17:07:48,Kobieta,18 - 29,170,100,Tak,Nie,praca,pasywnie (netflix and chill),raz w tygodniu,
2020-11-08 17:10:11,MÄ™Å¼czyzna,18 - 29,184,83,Tak,Nie,studia dzienne,"pasywnie (netflix and chill), zdobywam nowe umiejÄ™tnoÅ›ci (gra na gitarze, gotowanie..)",raz w tygodniu,
2020-11-08 17:12:28,MÄ™Å¼czyzna,18 - 29,178,68,Tak,Tak,studia dzienne,"pasywnie (netflix and chill), zdobywam nowe umiejÄ™tnoÅ›ci (gra na gitarze, gotowanie..), Kopcenie BatmanÃ³w",raz w miesiÄ…cu,
2020-11-08 17:12:56,Kobieta,18 - 29,180,56,Tak,Tak,studia dzienne,pasywnie (netflix and chill),raz w tygodniu,
2020-11-08 17:12:58,Kobieta,40 - 49,163,83,Tak,Nie,praca,poÅ›wiÄ™cam siÄ™ swojemu hobby,rzadziej niÅ¼ raz w miesiÄ…cu,
2020-11-08 17:15:29,Kobieta,30 - 39,168,65,Tak,Tak,praca,pasywnie (netflix and chill),raz w miesiÄ…cu,
2020-11-08 17:15:46,Kobieta,18 - 29,157,110,Tak,Tak,studia dzienne,pasywnie (netflix and chill),raz w tygodniu,
2020-11-08 17:17:23,Kobieta,18 - 29,166,75,Tak,Nie,"studia zaoczne, praca","aktywnie (uprawiam sport), pasywnie (netflix and chill)",raz w miesiÄ…cu,
2020-11-08 17:17:57,Kobieta,18 - 29,175,59,Tak,Nie,studia dzienne,pasywnie (netflix and chill),raz w miesiÄ…cu,
2020-11-08 17:18:13,MÄ™Å¼czyzna,18 - 29,177,84,Nie,Nie,studia dzienne,"aktywnie (uprawiam sport), pasywnie (netflix and chill), zdobywam nowe umiejÄ™tnoÅ›ci (gra na gitarze, gotowanie..), poÅ›wiÄ™cam siÄ™ swojemu hobby",raz w tygodniu,
2020-11-08 17:18:32,MÄ™Å¼czyzna,18 - 29,183,73,Tak,Nie,wat studia wojskowe,aktywnie (uprawiam sport),rzadziej niÅ¼ raz w miesiÄ…cu,
2020-11-08 17:20:51,Kobieta,18 - 29,164,67,Tak,Tak,studia dzienne,"aktywnie (uprawiam sport), pasywnie (netflix and chill), zdobywam nowe umiejÄ™tnoÅ›ci (gra na gitarze, gotowanie..), poÅ›wiÄ™cam siÄ™ swojemu hobby",raz w tygodniu,
2020-11-08 17:20:52,MÄ™Å¼czyzna,40 - 49,177,95,Tak,Tak,praca,aktywnie (uprawiam sport),raz w miesiÄ…cu,
2020-11-08 17:21:25,Kobieta,18 - 29,167,60,Tak,Nie,"studia dzienne, praca","pasywnie (netflix and chill), poÅ›wiÄ™cam siÄ™ swojemu hobby",raz w miesiÄ…cu,
2020-11-08 17:23:35,Kobieta,18 - 29,154,50,Tak,Nie,praca,"aktywnie (uprawiam sport), zdobywam nowe umiejÄ™tnoÅ›ci (gra na gitarze, gotowanie..)",raz w miesiÄ…cu,
2020-11-08 17:23:54,MÄ™Å¼czyzna,30 - 39,182,80,Tak,Nie,praca,"aktywnie (uprawiam sport), zdobywam nowe umiejÄ™tnoÅ›ci (gra na gitarze, gotowanie..)",raz w miesiÄ…cu,
2020-11-08 17:23:56,Kobieta,18 - 29,158,49,Tak,Tak,studia dzienne,"aktywnie (uprawiam sport), pasywnie (netflix and chill), zdobywam nowe umiejÄ™tnoÅ›ci (gra na gitarze, gotowanie..), poÅ›wiÄ™cam siÄ™ swojemu hobby",rzadziej niÅ¼ raz w miesiÄ…cu,
2020-11-08 17:23:56,MÄ™Å¼czyzna,18 - 29,185,75,Tak,Nie,studia dzienne,"zdobywam nowe umiejÄ™tnoÅ›ci (gra na gitarze, gotowanie..), poÅ›wiÄ™cam siÄ™ swojemu hobby",raz w tygodniu,
2020-11-08 17:24:22,MÄ™Å¼czyzna,18 - 29,180,84,Tak,Nie,studia dzienne,"pasywnie (netflix and chill), zdobywam nowe umiejÄ™tnoÅ›ci (gra na gitarze, gotowanie..), poÅ›wiÄ™cam siÄ™ swojemu hobby",raz w tygodniu,
2020-11-08 17:24:56,MÄ™Å¼czyzna,18 - 29,185,68,Tak,Nie,praca,"aktywnie (uprawiam sport), pasywnie (netflix and chill), zdobywam nowe umiejÄ™tnoÅ›ci (gra na gitarze, gotowanie..), poÅ›wiÄ™cam siÄ™ swojemu hobby",kilka razy w tygodniu,
2020-11-08 17:25:06,Kobieta,18 - 29,165,70,Tak,Nie,studia dzienne,pasywnie (netflix and chill),raz w miesiÄ…cu,
2020-11-08 17:25:58,MÄ™Å¼czyzna,18 - 29,181,72,Tak,Nie,"studia dzienne, praca","aktywnie (uprawiam sport), pasywnie (netflix and chill), zdobywam nowe umiejÄ™tnoÅ›ci (gra na gitarze, gotowanie..), poÅ›wiÄ™cam siÄ™ swojemu hobby",raz w miesiÄ…cu,
2020-11-08 17:28:08,MÄ™Å¼czyzna,30 - 39,191,105,Tak,Tak,praca,pasywnie (netflix and chill),raz w tygodniu,
2020-11-08 17:30:07,MÄ™Å¼czyzna,18 - 29,178,68,Tak,Nie,studia dzienne,"aktywnie (uprawiam sport), pasywnie (netflix and chill)",raz w tygodniu,
2020-11-08 17:30:50,MÄ™Å¼czyzna,18 - 29,183,63,Tak,Tak,studia dzienne,pasywnie (netflix and chill),raz w miesiÄ…cu,
2020-11-08 17:32:19,Kobieta,18 - 29,164,52,Tak,Nie,praca,"zdobywam nowe umiejÄ™tnoÅ›ci (gra na gitarze, gotowanie..)",raz w miesiÄ…cu,
2020-11-08 17:32:50,MÄ™Å¼czyzna,18 - 29,175,60,Tak,Tak,praca,pasywnie (netflix and chill),raz w tygodniu,
2020-11-08 17:33:43,Kobieta,18 - 29,166,54,Tak,Nie,studia dzienne,"pasywnie (netflix and chill), poÅ›wiÄ™cam siÄ™ swojemu hobby",rzadziej niÅ¼ raz w miesiÄ…cu,
2020-11-08 17:36:27,Kobieta,18 - 29,170,69,Nie,Nie,praca,"zdobywam nowe umiejÄ™tnoÅ›ci (gra na gitarze, gotowanie..)",rzadziej niÅ¼ raz w miesiÄ…cu,
2020-11-08 17:36:39,Kobieta,40 - 49,167,65,Tak,Nie,"studia zaoczne, praca","pasywnie (netflix and chill), poÅ›wiÄ™cam siÄ™ swojemu hobby, Ä†wiczÄ™ 2 razy w tygodniu",raz w miesiÄ…cu,
2020-11-08 17:37:29,Kobieta,18 - 29,174,69,Tak,Nie,studia dzienne,"zdobywam nowe umiejÄ™tnoÅ›ci (gra na gitarze, gotowanie..)",raz w miesiÄ…cu,
2020-11-08 17:38:56,MÄ™Å¼czyzna,18 - 29,183,80,Tak,Nie,studia dzienne,"aktywnie (uprawiam sport), pasywnie (netflix and chill)",raz w tygodniu,
2020-11-08 17:39:17,MÄ™Å¼czyzna,18 - 29,170,65,Tak,Tak,studia dzienne,Kopcenie BatmanÃ³w,rzadziej niÅ¼ raz w miesiÄ…cu,
2020-11-08 17:41:13,MÄ™Å¼czyzna,18 - 29,184,85,Tak,Tak,studia dzienne,Kopcenie BatmanÃ³w,raz w tygodniu,
2020-11-08 17:41:22,Kobieta,18 - 29,169,65,Tak,Nie,"studia zaoczne, praca","pasywnie (netflix and chill), poÅ›wiÄ™cam siÄ™ swojemu hobby",raz w miesiÄ…cu,
2020-11-08 17:41:29,MÄ™Å¼czyzna,18 - 29,187,97,Tak,Nie,praca,pasywnie (netflix and chill),kilka razy w tygodniu,
2020-11-08 17:42:05,Kobieta,18 - 29,164,53,Tak,Nie,studia dzienne,Kopcenie BatmanÃ³w,rzadziej niÅ¼ raz w miesiÄ…cu,
2020-11-08 17:43:24,Kobieta,18 - 29,162,53,Tak,Tak,studia zaoczne,aktywnie (uprawiam sport),raz w tygodniu,
2020-11-08 17:43:27,Kobieta,60 +,170,90,Tak,Tak,Emerytura,Kopcenie BatmanÃ³w,nigdy,
2020-11-08 17:43:56,MÄ™Å¼czyzna,18 - 29,178,68,Tak,Nie,studia dzienne,TrochÄ™ kaÅ¼dego z powyÅ¼szych,raz w tygodniu,
2020-11-08 17:45:09,Kobieta,18 - 29,164,51,Tak,Nie,"studia zaoczne, praca",pasywnie (netflix and chill),raz w tygodniu,
2020-11-08 17:45:59,MÄ™Å¼czyzna,18 - 29,176,78,Tak,Tak,praca,poÅ›wiÄ™cam siÄ™ swojemu hobby,raz w miesiÄ…cu,
2020-11-08 17:46:33,MÄ™Å¼czyzna,18 - 29,187,84,Tak,Nie,studia dzienne,"zdobywam nowe umiejÄ™tnoÅ›ci (gra na gitarze, gotowanie..), poÅ›wiÄ™cam siÄ™ swojemu hobby",raz w miesiÄ…cu,
2020-11-08 17:48:37,Kobieta,18 - 29,176,58,Tak,Tak,"studia dzienne, praca",pasywnie (netflix and chill),raz w miesiÄ…cu,
2020-11-08 17:51:26,Kobieta,18 - 29,165,80,Tak,Nie,"studia zaoczne, praca",poÅ›wiÄ™cam siÄ™ swojemu hobby,raz w tygodniu,
2020-11-08 17:51:56,MÄ™Å¼czyzna,40 - 49,186,90,Tak,Nie,praca,"aktywnie (uprawiam sport), zdobywam nowe umiejÄ™tnoÅ›ci (gra na gitarze, gotowanie..)",raz w tygodniu,
2020-11-08 17:53:32,MÄ™Å¼czyzna,50 - 59,170,70,Tak,Tak,praca,poÅ›wiÄ™cam siÄ™ swojemu hobby,rzadziej niÅ¼ raz w miesiÄ…cu,
2020-11-08 17:55:31,Kobieta,18 - 29,166,59,Tak,Nie,"studia dzienne, praca","aktywnie (uprawiam sport), pasywnie (netflix and chill), gotujÄ™ ",raz w miesiÄ…cu,
2020-11-08 17:56:55,Kobieta,18 - 29,162,62,Tak,Nie,"studia zaoczne, praca, prowadzenie dziaÅ‚alnoÅ›ci gospodarczej ","pasywnie (netflix and chill), poÅ›wiÄ™cam siÄ™ swojemu hobby",rzadziej niÅ¼ raz w miesiÄ…cu,
2020-11-08 17:57:25,MÄ™Å¼czyzna,18 - 29,187,85,Nie,Tak,"studia dzienne, praca","aktywnie (uprawiam sport), pasywnie (netflix and chill)",raz w miesiÄ…cu,
2020-11-08 18:00:40,Kobieta,18 - 29,163,55,Tak,Tak,"studia zaoczne, praca","zdobywam nowe umiejÄ™tnoÅ›ci (gra na gitarze, gotowanie..), poÅ›wiÄ™cam siÄ™ swojemu hobby","MiÄ™dzy raz w tygodniu, a raz w miesiÄ…cu ",
2020-11-08 18:04:10,MÄ™Å¼czyzna,18 - 29,184,80,Tak,Nie,studia dzienne,aktywnie (uprawiam sport),raz w miesiÄ…cu,
2020-11-08 18:05:52,Kobieta,50 - 59,164,54,Tak,Nie,Gospodarstwo domowe,poÅ›wiÄ™cam siÄ™ swojemu hobby,nigdy,
2020-11-08 18:05:55,Kobieta,18 - 29,170,58.5,Tak,Nie,studia dzienne,"aktywnie (uprawiam sport), pasywnie (netflix and chill)",raz w miesiÄ…cu,
2020-11-08 18:05:58,MÄ™Å¼czyzna,18 - 29,175,60,Tak,Nie,studia dzienne,"aktywnie (uprawiam sport), pasywnie (netflix and chill)",raz w miesiÄ…cu,
2020-11-08 18:09:05,MÄ™Å¼czyzna,40 - 49,179,98,Tak,Tak,praca,pasywnie (netflix and chill),rzadziej niÅ¼ raz w miesiÄ…cu,
2020-11-08 18:09:32,MÄ™Å¼czyzna,18 - 29,180,72,Tak,Tak,studia dzienne,"aktywnie (uprawiam sport), pasywnie (netflix and chill)",raz w miesiÄ…cu,
2020-11-08 18:10:30,Kobieta,18 - 29,172,62,Tak,Nie,studia dzienne,"zdobywam nowe umiejÄ™tnoÅ›ci (gra na gitarze, gotowanie..)",rzadziej niÅ¼ raz w miesiÄ…cu,
2020-11-08 18:11:00,Kobieta,40 - 49,164,96,Tak,Nie,praca,Czytam,rzadziej niÅ¼ raz w miesiÄ…cu,
2020-11-08 18:11:09,MÄ™Å¼czyzna,18 - 29,186,74,Tak,Nie,"studia zaoczne, praca",pasywnie (netflix and chill),kilka razy w tygodniu,
2020-11-08 18:12:14,Kobieta,18 - 29,160,50,Tak,Nie,studia dzienne,pasywnie (netflix and chill),rzadziej niÅ¼ raz w miesiÄ…cu,
2020-11-08 18:12:31,Kobieta,18 - 29,175,62,Tak,Nie,"studia dzienne, praca",pasywnie (netflix and chill),raz w miesiÄ…cu,
2020-11-08 18:13:10,MÄ™Å¼czyzna,18 - 29,180,88,Tak,Nie,studia dzienne,"aktywnie (uprawiam sport), pasywnie (netflix and chill), poÅ›wiÄ™cam siÄ™ swojemu hobby",raz w tygodniu,
2020-11-08 18:14:18,Kobieta,18 - 29,180,70,Tak,Nie,"studia zaoczne, praca","pasywnie (netflix and chill), Treningi nieregularne",raz w miesiÄ…cu,
2020-11-08 18:17:43,Kobieta,18 - 29,160,54,Tak,Tak,"studia zaoczne, praca",pasywnie (netflix and chill),raz w tygodniu,
2020-11-08 18:17:54,Kobieta,18 - 29,165,65,Tak,Nie,studia dzienne,pasywnie (netflix and chill),raz w miesiÄ…cu,
2020-11-08 18:19:04,Kobieta,18 - 29,165,54,Tak,Nie,SzkoÅ‚a liceum,pasywnie (netflix and chill),raz w tygodniu,
2020-11-08 18:19:20,MÄ™Å¼czyzna,18 - 29,180,78,Tak,Tak,studia dzienne,"aktywnie (uprawiam sport), pasywnie (netflix and chill)",raz w tygodniu,
2020-11-08 18:19:27,Kobieta,18 - 29,157,50,Tak,Nie,studia dzienne,"pasywnie (netflix and chill), zdobywam nowe umiejÄ™tnoÅ›ci (gra na gitarze, gotowanie..), poÅ›wiÄ™cam siÄ™ swojemu hobby",raz w tygodniu,
2020-11-08 18:20:23,Kobieta,18 - 29,160,57,Tak,Tak,studia dzienne,"pasywnie (netflix and chill), zdobywam nowe umiejÄ™tnoÅ›ci (gra na gitarze, gotowanie..)",raz w miesiÄ…cu,
2020-11-08 18:20:36,Kobieta,40 - 49,171,80,Tak,Tak,praca,poÅ›wiÄ™cam siÄ™ swojemu hobby,raz w miesiÄ…cu,
2020-11-08 18:21:17,Kobieta,18 - 29,166,58,Tak,Tak,studia dzienne,"pasywnie (netflix and chill), poÅ›wiÄ™cam siÄ™ swojemu hobby",raz w miesiÄ…cu,
2020-11-08 18:24:28,Kobieta,30 - 39,155,61,Tak,Nie,praca,pasywnie (netflix and chill),kilka razy w tygodniu,
2020-11-08 18:26:34,Kobieta,18 - 29,160,61,Tak,Tak,studia zaoczne,pasywnie (netflix and chill),raz w miesiÄ…cu,
2020-11-08 18:28:00,MÄ™Å¼czyzna,30 - 39,185,130,Tak,Nie,praca,"pasywnie (netflix and chill), poÅ›wiÄ™cam siÄ™ swojemu hobby",kilka razy w tygodniu,
2020-11-08 18:28:37,MÄ™Å¼czyzna,18 - 29,177,95,Tak,Nie,studia dzienne,"aktywnie (uprawiam sport), zdobywam nowe umiejÄ™tnoÅ›ci (gra na gitarze, gotowanie..)",raz w tygodniu,
2020-11-08 18:28:49,Kobieta,40 - 49,160,65,Tak,Nie,praca,"aktywnie (uprawiam sport), pasywnie (netflix and chill), poÅ›wiÄ™cam siÄ™ swojemu hobby",nigdy,
2020-11-08 18:29:25,Kobieta,50 - 59,171,75,Tak,Nie,praca,"aktywnie (uprawiam sport), pasywnie (netflix and chill)",raz w miesiÄ…cu,
2020-11-08 18:30:15,MÄ™Å¼czyzna,30 - 39,188,76,Tak,Nie,praca,aktywnie (uprawiam sport),Raz na dwa tygodnie,
2020-11-08 18:32:18,Kobieta,18 - 29,167,65,Tak,Nie,studia dzienne,"zdobywam nowe umiejÄ™tnoÅ›ci (gra na gitarze, gotowanie..)",raz w miesiÄ…cu,
2020-11-08 18:32:40,MÄ™Å¼czyzna,18 - 29,181,87,Tak,Nie,studia dzienne,"zdobywam nowe umiejÄ™tnoÅ›ci (gra na gitarze, gotowanie..)",raz w miesiÄ…cu,
2020-11-08 18:32:41,Kobieta,18 - 29,169,65,Tak,Nie,praca,"aktywnie (uprawiam sport), zdobywam nowe umiejÄ™tnoÅ›ci (gra na gitarze, gotowanie..)",kilka razy w tygodniu,
2020-11-08 18:33:30,MÄ™Å¼czyzna,18 - 29,179,98,Tak,Tak,studia dzienne,"pasywnie (netflix and chill), zdobywam nowe umiejÄ™tnoÅ›ci (gra na gitarze, gotowanie..)",kilka razy w tygodniu,
2020-11-08 18:33:41,MÄ™Å¼czyzna,30 - 39,195,97,Tak,Nie,praca,"pasywnie (netflix and chill), zdobywam nowe umiejÄ™tnoÅ›ci (gra na gitarze, gotowanie..), poÅ›wiÄ™cam siÄ™ swojemu hobby",raz w miesiÄ…cu,
2020-11-08 18:33:46,Kobieta,18 - 29,165,85,Tak,Nie,studia dzienne,poÅ›wiÄ™cam siÄ™ swojemu hobby,rzadziej niÅ¼ raz w miesiÄ…cu,
2020-11-08 18:34:03,Kobieta,50 - 59,164,80,Tak,Nie,praca,"zdobywam nowe umiejÄ™tnoÅ›ci (gra na gitarze, gotowanie..)",rzadziej niÅ¼ raz w miesiÄ…cu,
2020-11-08 18:34:46,Kobieta,18 - 29,177,83,Tak,Tak,"studia dzienne, praca","pasywnie (netflix and chill), zdobywam nowe umiejÄ™tnoÅ›ci (gra na gitarze, gotowanie..), poÅ›wiÄ™cam siÄ™ swojemu hobby",raz w miesiÄ…cu,
2020-11-08 18:34:50,MÄ™Å¼czyzna,18 - 29,184,92,Tak,Nie,praca,"aktywnie (uprawiam sport), poÅ›wiÄ™cam siÄ™ swojemu hobby",raz w miesiÄ…cu,
2020-11-08 18:36:52,MÄ™Å¼czyzna,50 - 59,167,65,Tak,Tak,Emeryt,poÅ›wiÄ™cam siÄ™ swojemu hobby,rzadziej niÅ¼ raz w miesiÄ…cu,
2020-11-08 18:37:41,MÄ™Å¼czyzna,30 - 39,180,78,Tak,Nie,praca,aktywnie (uprawiam sport),raz w tygodniu,
2020-11-08 18:37:42,MÄ™Å¼czyzna,18 - 29,185,100,Tak,Nie,"studia zaoczne, praca","aktywnie (uprawiam sport), poÅ›wiÄ™cam siÄ™ swojemu hobby",raz w miesiÄ…cu,
2020-11-08 18:37:54,Kobieta,30 - 39,163,65,Tak,Nie,praca,"zdobywam nowe umiejÄ™tnoÅ›ci (gra na gitarze, gotowanie..)",raz w miesiÄ…cu,
2020-11-08 18:38:16,Kobieta,18 - 29,166,57,Tak,Nie,praca,"aktywnie (uprawiam sport), poÅ›wiÄ™cam siÄ™ swojemu hobby",rzadziej niÅ¼ raz w miesiÄ…cu,
2020-11-08 18:40:53,Kobieta,40 - 49,164,65,Tak,Nie,praca,Praca w ogrodzie ,kilka razy w tygodniu,
2020-11-08 18:41:09,MÄ™Å¼czyzna,18 - 29,175,68,Tak,Tak,studia dzienne,"aktywnie (uprawiam sport), pasywnie (netflix and chill), zdobywam nowe umiejÄ™tnoÅ›ci (gra na gitarze, gotowanie..)",raz w miesiÄ…cu,
2020-11-08 18:43:01,MÄ™Å¼czyzna,18 - 29,185,100,Tak,Nie,studia dzienne,"pasywnie (netflix and chill), zdobywam nowe umiejÄ™tnoÅ›ci (gra na gitarze, gotowanie..), poÅ›wiÄ™cam siÄ™ swojemu hobby",rzadziej niÅ¼ raz w miesiÄ…cu,
2020-11-08 18:43:56,MÄ™Å¼czyzna,50 - 59,180,88,Nie,Tak,praca,aktywnie (uprawiam sport),nigdy,
2020-11-08 18:44:55,MÄ™Å¼czyzna,50 - 59,183,75,Tak,Tak,praca,"pasywnie (netflix and chill), poÅ›wiÄ™cam siÄ™ swojemu hobby",nigdy,
2020-11-08 18:45:03,Kobieta,50 - 59,178,80,Tak,Nie,praca,"zdobywam nowe umiejÄ™tnoÅ›ci (gra na gitarze, gotowanie..), poÅ›wiÄ™cam siÄ™ swojemu hobby",rzadziej niÅ¼ raz w miesiÄ…cu,Uprzejmie proszÄ™ i pozdrawiam 
2020-11-08 18:45:47,MÄ™Å¼czyzna,18 - 29,188,115,Tak,Tak,"studia dzienne, praca","zdobywam nowe umiejÄ™tnoÅ›ci (gra na gitarze, gotowanie..), poÅ›wiÄ™cam siÄ™ swojemu hobby",raz w tygodniu,
2020-11-08 18:45:49,MÄ™Å¼czyzna,18 - 29,185,88,Tak,Tak,studia dzienne,"aktywnie (uprawiam sport), pasywnie (netflix and chill)",raz w miesiÄ…cu,
2020-11-08 18:46:57,Kobieta,18 - 29,165,58,Tak,Tak,studia dzienne,"pasywnie (netflix and chill), poÅ›wiÄ™cam siÄ™ swojemu hobby",kilka razy w tygodniu,
2020-11-08 18:47:42,MÄ™Å¼czyzna,50 - 59,200,105,Tak,Nie,praca,"aktywnie (uprawiam sport), poÅ›wiÄ™cam siÄ™ swojemu hobby",rzadziej niÅ¼ raz w miesiÄ…cu,
2020-11-08 18:48:21,Kobieta,18 - 29,172,70,Nie,Tak,studia dzienne,"pasywnie (netflix and chill), zdobywam nowe umiejÄ™tnoÅ›ci (gra na gitarze, gotowanie..)",kilka razy w tygodniu,"raz lub kilka razy w tygodniu fastfood
"
2020-11-08 18:49:14,Kobieta,18 - 29,175,62,Tak,Nie,studia dzienne,"pasywnie (netflix and chill), zdobywam nowe umiejÄ™tnoÅ›ci (gra na gitarze, gotowanie..)",raz w tygodniu,
2020-11-08 18:49:14,MÄ™Å¼czyzna,50 - 59,172,88,Tak,Nie,nie pracuje zawodowo,"zdobywam nowe umiejÄ™tnoÅ›ci (gra na gitarze, gotowanie..), poÅ›wiÄ™cam siÄ™ swojemu hobby",rzadziej niÅ¼ raz w miesiÄ…cu,
2020-11-08 18:50:10,MÄ™Å¼czyzna,18 - 29,187,95,Tak,Nie,studia dzienne,"GÅ‚Ã³wnie nauka, jak starczy czas to sport i przeglÄ…danie internetu",raz w tygodniu,
2020-11-08 18:50:57,MÄ™Å¼czyzna,18 - 29,190,77,Tak,Tak,studia dzienne,"pasywnie (netflix and chill), poÅ›wiÄ™cam siÄ™ swojemu hobby",raz w tygodniu,
2020-11-08 18:52:09,Kobieta,18 - 29,156,52,Tak,Tak,"studia dzienne, praca","pasywnie (netflix and chill), zdobywam nowe umiejÄ™tnoÅ›ci (gra na gitarze, gotowanie..)",raz w miesiÄ…cu,
2020-11-08 18:52:14,Kobieta,18 - 29,165,61,Tak,Nie,studia zaoczne,"aktywnie (uprawiam sport), pasywnie (netflix and chill), zdobywam nowe umiejÄ™tnoÅ›ci (gra na gitarze, gotowanie..)",rzadziej niÅ¼ raz w miesiÄ…cu,
2020-11-08 18:52:36,MÄ™Å¼czyzna,18 - 29,173,68,Tak,Nie,studia dzienne,poÅ›wiÄ™cam siÄ™ swojemu hobby,raz w tygodniu,
2020-11-08 18:53:04,MÄ™Å¼czyzna,18 - 29,200,75,Tak,Nie,studia dzienne,pasywnie (netflix and chill),raz w tygodniu,
2020-11-08 18:53:12,MÄ™Å¼czyzna,18 - 29,182,67,Tak,Nie,"studia zaoczne, praca","pasywnie (netflix and chill), zdobywam nowe umiejÄ™tnoÅ›ci (gra na gitarze, gotowanie..), poÅ›wiÄ™cam siÄ™ swojemu hobby",raz w tygodniu,
2020-11-08 18:53:16,Kobieta,18 - 29,165,60,Tak,Nie,studia dzienne,aktywnie (uprawiam sport),raz w miesiÄ…cu,
2020-11-08 18:53:52,Kobieta,18 - 29,158,45,Nie,Nie,studia dzienne,pasywnie (netflix and chill),raz w tygodniu,
2020-11-08 18:55:58,MÄ™Å¼czyzna,18 - 29,170,75,Tak,Nie,studia dzienne,"aktywnie (uprawiam sport), pasywnie (netflix and chill), zdobywam nowe umiejÄ™tnoÅ›ci (gra na gitarze, gotowanie..)",raz w tygodniu,
2020-11-08 18:56:16,Kobieta,30 - 39,173,95,Tak,Nie,praca,"pasywnie (netflix and chill), podrÃ³zowanie, aktywne zwiedzanie",raz w miesiÄ…cu,
2020-11-08 18:58:55,MÄ™Å¼czyzna,18 - 29,188,89,Tak,Nie,"studia zaoczne, praca","aktywnie (uprawiam sport), pasywnie (netflix and chill), poÅ›wiÄ™cam siÄ™ swojemu hobby",raz w miesiÄ…cu,
2020-11-08 18:59:17,Kobieta,18 - 29,170,59,Tak,Nie,studia dzienne,pasywnie (netflix and chill),raz w tygodniu,
2020-11-08 19:01:41,MÄ™Å¼czyzna,40 - 49,186,90,Tak,Nie,praca,aktywnie (uprawiam sport),raz w miesiÄ…cu,
2020-11-08 19:02:48,MÄ™Å¼czyzna,50 - 59,187,98,Tak,Nie,praca,"Spacer, zabawa z wnuczkami","Raz,dwa do roku",
2020-11-08 19:04:05,MÄ™Å¼czyzna,40 - 49,186,70,Tak,Nie,"praca, Korzystam z zycia","aktywnie (uprawiam sport), zdobywam nowe umiejÄ™tnoÅ›ci (gra na gitarze, gotowanie..), poÅ›wiÄ™cam siÄ™ swojemu hobby, Wychodze z psem",raz w miesiÄ…cu,A gdzie pytanie o sex:) 
2020-11-08 19:04:39,MÄ™Å¼czyzna,18 - 29,180,65,Tak,Nie,"studia zaoczne, praca","pasywnie (netflix and chill), zdobywam nowe umiejÄ™tnoÅ›ci (gra na gitarze, gotowanie..), poÅ›wiÄ™cam siÄ™ swojemu hobby",raz w miesiÄ…cu,
2020-11-08 19:05:56,MÄ™Å¼czyzna,40 - 49,183,88,Tak,Nie,praca,"aktywnie (uprawiam sport), zdobywam nowe umiejÄ™tnoÅ›ci (gra na gitarze, gotowanie..)",rzadziej niÅ¼ raz w miesiÄ…cu,
2020-11-08 19:06:36,Kobieta,30 - 39,165,65,Tak,Nie,praca,"aktywnie (uprawiam sport), zdobywam nowe umiejÄ™tnoÅ›ci (gra na gitarze, gotowanie..)",raz w miesiÄ…cu,
2020-11-08 19:08:56,MÄ™Å¼czyzna,18 - 29,183,92,Tak,Tak,studia zaoczne,"aktywnie (uprawiam sport), pasywnie (netflix and chill)",rzadziej niÅ¼ raz w miesiÄ…cu,
2020-11-08 19:09:28,MÄ™Å¼czyzna,50 - 59,172,80,Tak,Nie,praca,poÅ›wiÄ™cam siÄ™ swojemu hobby,raz w miesiÄ…cu,
2020-11-08 19:09:30,Kobieta,18 - 29,175,70,Tak,Tak,"studia dzienne, praca",poÅ›wiÄ™cam siÄ™ swojemu hobby,raz w tygodniu,
2020-11-08 19:10:00,MÄ™Å¼czyzna,18 - 29,178,83,Tak,Tak,praca,pasywnie (netflix and chill),rzadziej niÅ¼ raz w miesiÄ…cu,MiÅ‚ego dnia
2020-11-08 19:10:44,MÄ™Å¼czyzna,40 - 49,180,90,Tak,Nie,praca,"pasywnie (netflix and chill), poÅ›wiÄ™cam siÄ™ swojemu hobby",raz w tygodniu,
2020-11-08 19:11:53,Kobieta,40 - 49,176,110,Tak,Nie,praca,pasywnie (netflix and chill),rzadziej niÅ¼ raz w miesiÄ…cu,
2020-11-08 19:12:01,Kobieta,30 - 39,169,48,Tak,Nie,praca,"poÅ›wiÄ™cam siÄ™ swojemu hobby, ZajmujÄ™ siÄ™ dzieckiem",raz w miesiÄ…cu,
2020-11-08 19:12:32,Kobieta,40 - 49,166,70,Tak,Nie,praca,"KsiÄ…Å¼ki, gry planszowe",rzadziej niÅ¼ raz w miesiÄ…cu,
2020-11-08 19:13:04,Kobieta,40 - 49,177,85,Tak,Nie,praca,poÅ›wiÄ™cam siÄ™ swojemu hobby,rzadziej niÅ¼ raz w miesiÄ…cu,PomyÅ›lnoÅ›ci i zaliczenia przedmiotu:)
2020-11-08 19:13:40,MÄ™Å¼czyzna,40 - 49,170,179,Tak,Tak,praca,pasywnie (netflix and chill),raz w miesiÄ…cu,
2020-11-08 19:14:09,MÄ™Å¼czyzna,50 - 59,186,90,Tak,Nie,praca,pasywnie (netflix and chill),raz w miesiÄ…cu,
2020-11-08 19:16:21,MÄ™Å¼czyzna,40 - 49,165,80,Tak,Tak,praca,pasywnie (netflix and chill),raz w miesiÄ…cu,
2020-11-08 19:17:43,Kobieta,40 - 49,158,66,Tak,Nie,Gospodyni,Nie mam czasu,raz w miesiÄ…cu,
2020-11-08 19:19:57,Kobieta,18 - 29,172,62,Tak,Nie,"studia zaoczne, praca","aktywnie (uprawiam sport), zdobywam nowe umiejÄ™tnoÅ›ci (gra na gitarze, gotowanie..), poÅ›wiÄ™cam siÄ™ swojemu hobby",raz w miesiÄ…cu,
2020-11-08 19:22:18,MÄ™Å¼czyzna,30 - 39,180,78,Tak,Nie,praca,aktywnie (uprawiam sport),raz w tygodniu,Dodatkowo raz w tygodniu zastanawiam siÄ™ jak zostaÄ‡ krÃ³lem imperium bananowego :)
2020-11-08 19:25:48,Kobieta,40 - 49,170,80,Tak,Nie,praca,pasywnie (netflix and chill),rzadziej niÅ¼ raz w miesiÄ…cu,
2020-11-08 19:26:35,Kobieta,40 - 49,158,60,Tak,Nie,praca,poÅ›wiÄ™cam siÄ™ swojemu hobby,raz w miesiÄ…cu,
2020-11-08 19:26:43,MÄ™Å¼czyzna,18 - 29,174,75,Tak,Nie,studia dzienne,"aktywnie (uprawiam sport), pasywnie (netflix and chill)",2 razy w tygodniu,
2020-11-08 19:26:44,MÄ™Å¼czyzna,50 - 59,182,110,Tak,Nie,praca,poÅ›wiÄ™cam siÄ™ swojemu hobby,nigdy,
2020-11-08 19:30:32,Kobieta,18 - 29,174,68,Nie,Tak,"studia dzienne, praca",aktywnie (uprawiam sport),rzadziej niÅ¼ raz w miesiÄ…cu,
2020-11-08 19:30:45,Kobieta,18 - 29,169,60,Tak,Nie,studia dzienne,"aktywnie (uprawiam sport), zdobywam nowe umiejÄ™tnoÅ›ci (gra na gitarze, gotowanie..)",raz w tygodniu,
2020-11-08 19:31:53,MÄ™Å¼czyzna,18 - 29,176,74,Tak,Nie,studia dzienne,"aktywnie (uprawiam sport), zdobywam nowe umiejÄ™tnoÅ›ci (gra na gitarze, gotowanie..), poÅ›wiÄ™cam siÄ™ swojemu hobby",rzadziej niÅ¼ raz w miesiÄ…cu,
2020-11-08 19:34:22,Kobieta,18 - 29,166,56,Tak,Nie,"studia dzienne, praca","pasywnie (netflix and chill), PlanszÃ³wki",raz w miesiÄ…cu,
2020-11-08 19:34:38,Kobieta,18 - 29,170,72,Tak,Nie,praca,"Spacery, jazda rowerem, oglÄ…danie filmÃ³w, spotkania ze znajomymi",raz w miesiÄ…cu,
2020-11-08 19:34:39,Kobieta,30 - 39,160,52,Tak,Nie,praca,aktywnie (uprawiam sport),raz w tygodniu,
2020-11-08 19:39:41,MÄ™Å¼czyzna,18 - 29,185,97,Tak,Nie,"studia zaoczne, praca","pasywnie (netflix and chill), zdobywam nowe umiejÄ™tnoÅ›ci (gra na gitarze, gotowanie..), poÅ›wiÄ™cam siÄ™ swojemu hobby",raz w tygodniu,
2020-11-08 19:41:56,MÄ™Å¼czyzna,18 - 29,170,78,Tak,Nie,"studia dzienne, praca",aktywnie (uprawiam sport),raz w tygodniu,
2020-11-08 19:42:29,MÄ™Å¼czyzna,18 - 29,183,80,Tak,Nie,praca,pasywnie (netflix and chill),kilka razy w tygodniu,"CzeÅ›Ä‡ Krysia, Karolinka mi kazaÅ‚a wypeÅ‚niÄ‡ ankietke. Pozdrawiam gorÄ…co."
2020-11-08 19:43:13,MÄ™Å¼czyzna,18 - 29,184,84,Tak,Nie,studia dzienne,"aktywnie (uprawiam sport), poÅ›wiÄ™cam siÄ™ swojemu hobby",raz w tygodniu,
2020-11-08 19:43:13,Kobieta,18 - 29,167,69,Tak,Tak,"studia dzienne, studia zaoczne","aktywnie (uprawiam sport), pasywnie (netflix and chill), zdobywam nowe umiejÄ™tnoÅ›ci (gra na gitarze, gotowanie..), poÅ›wiÄ™cam siÄ™ swojemu hobby",raz w tygodniu,
2020-11-08 19:47:32,Kobieta,50 - 59,163,62,Tak,Nie,praca,aktywnie (uprawiam sport),rzadziej niÅ¼ raz w miesiÄ…cu,
2020-11-08 19:48:52,MÄ™Å¼czyzna,18 - 29,176,103,Tak,Nie,praca,"aktywnie (uprawiam sport), pasywnie (netflix and chill), zdobywam nowe umiejÄ™tnoÅ›ci (gra na gitarze, gotowanie..), poÅ›wiÄ™cam siÄ™ swojemu hobby",raz w tygodniu,
2020-11-08 19:49:27,MÄ™Å¼czyzna,18 - 29,183,70,Tak,Nie,studia dzienne,"aktywnie (uprawiam sport), pasywnie (netflix and chill)",raz w tygodniu,
2020-11-08 19:49:47,Kobieta,18 - 29,162,53,Tak,Nie,studia dzienne,pasywnie (netflix and chill),raz w miesiÄ…cu,
2020-11-08 19:52:38,Kobieta,18 - 29,164,52,Tak,Nie,praca,pasywnie (netflix and chill),raz w miesiÄ…cu,
2020-11-08 19:53:03,Kobieta,40 - 49,168,74,Tak,Nie,praca,aktywnie (uprawiam sport),rzadziej niÅ¼ raz w miesiÄ…cu,
2020-11-08 19:56:45,Kobieta,18 - 29,174,62,Tak,Nie,praca,"aktywnie (uprawiam sport), zdobywam nowe umiejÄ™tnoÅ›ci (gra na gitarze, gotowanie..), poÅ›wiÄ™cam siÄ™ swojemu hobby, Czytam ksiÄ…Å¼ki",raz w miesiÄ…cu,
2020-11-08 19:58:09,MÄ™Å¼czyzna,18 - 29,180,91.4,Tak,Nie,praca,"aktywnie (uprawiam sport), pasywnie (netflix and chill), zdobywam nowe umiejÄ™tnoÅ›ci (gra na gitarze, gotowanie..), poÅ›wiÄ™cam siÄ™ swojemu hobby","Bywa, Å¼e rok nie jem wcale po czym kompulsywnie siÄ™ objadam przez kilka dni",
2020-11-08 20:00:28,Kobieta,18 - 29,172,62,Nie,Tak,studia dzienne,poÅ›wiÄ™cam siÄ™ swojemu hobby,raz w miesiÄ…cu,
2020-11-08 20:04:18,Kobieta,50 - 59,165,120,Tak,Nie,praca,pasywnie (netflix and chill),raz w miesiÄ…cu,
2020-11-08 20:08:42,Kobieta,50 - 59,170,80,Tak,Nie,praca,"pasywnie (netflix and chill), Spotkania z przyjaciolmi",rzadziej niÅ¼ raz w miesiÄ…cu,
2020-11-08 20:12:37,MÄ™Å¼czyzna,50 - 59,185,80,Tak,Tak,praca,Nie,raz w miesiÄ…cu,Brak
2020-11-08 20:13:06,MÄ™Å¼czyzna,18 - 29,175,75,Tak,Tak,"studia dzienne, praca","aktywnie (uprawiam sport), pasywnie (netflix and chill)",kilka razy w tygodniu,
2020-11-08 20:13:58,Kobieta,18 - 29,163,65,Tak,Nie,studia dzienne,"aktywnie (uprawiam sport), pasywnie (netflix and chill), zdobywam nowe umiejÄ™tnoÅ›ci (gra na gitarze, gotowanie..)",raz w miesiÄ…cu,
2020-11-08 20:15:51,Kobieta,18 - 29,175,60,Tak,Nie,studia dzienne,pasywnie (netflix and chill),raz w miesiÄ…cu,
2020-11-08 20:20:47,Kobieta,40 - 49,170,90,Tak,Tak,praca,aktywnie (uprawiam sport),rzadziej niÅ¼ raz w miesiÄ…cu,Brak
2020-11-08 20:25:01,Kobieta,60 +,155,62,Tak,Nie,praca,Spacery,nigdy,
2020-11-08 20:25:07,Kobieta,18 - 29,178,103,Tak,Nie,praca,pasywnie (netflix and chill),rzadziej niÅ¼ raz w miesiÄ…cu,
2020-11-08 20:29:10,Kobieta,18 - 29,172,54,Tak,Nie,studia dzienne,"aktywnie (uprawiam sport), poÅ›wiÄ™cam siÄ™ swojemu hobby",raz w tygodniu,DoÅ›Ä‡ maÅ‚o pytaÅ„..ciÄ™Å¼ko z nich bÄ™dzie wyciÄ…gnÄ…Ä‡ jakieÅ› wnioski;) 
2020-11-08 20:32:52,MÄ™Å¼czyzna,18 - 29,181,82,Nie,Tak,"studia dzienne, praca","aktywnie (uprawiam sport), pasywnie (netflix and chill), zdobywam nowe umiejÄ™tnoÅ›ci (gra na gitarze, gotowanie..)",rzadziej niÅ¼ raz w miesiÄ…cu,
2020-11-08 20:36:50,Kobieta,18 - 29,180,78,Tak,Nie,studia dzienne,poÅ›wiÄ™cam siÄ™ swojemu hobby,rzadziej niÅ¼ raz w miesiÄ…cu,
2020-11-08 20:42:52,MÄ™Å¼czyzna,18 - 29,183,71,Tak,Nie,studia dzienne,"aktywnie (uprawiam sport), pasywnie (netflix and chill), zdobywam nowe umiejÄ™tnoÅ›ci (gra na gitarze, gotowanie..), poÅ›wiÄ™cam siÄ™ swojemu hobby",raz w miesiÄ…cu,Trzymajcie siÄ™ na tym wacie byczki
2020-11-08 20:46:25,Kobieta,18 - 29,176,64,Tak,Nie,praca,"pasywnie (netflix and chill), zdobywam nowe umiejÄ™tnoÅ›ci (gra na gitarze, gotowanie..)",raz w tygodniu,
2020-11-08 20:49:18,Kobieta,18 - 29,173,58,Tak,Nie,"studia dzienne, praca","aktywnie (uprawiam sport), pasywnie (netflix and chill), zdobywam nowe umiejÄ™tnoÅ›ci (gra na gitarze, gotowanie..), poÅ›wiÄ™cam siÄ™ swojemu hobby",rzadziej niÅ¼ raz w miesiÄ…cu,
2020-11-08 20:55:13,MÄ™Å¼czyzna,18 - 29,184,89,Tak,Nie,studia dzienne,pasywnie (netflix and chill),raz w tygodniu,
2020-11-08 20:56:39,Kobieta,18 - 29,174,59,Tak,Tak,"studia dzienne, praca",poÅ›wiÄ™cam siÄ™ swojemu hobby,raz w miesiÄ…cu,
2020-11-08 20:58:21,MÄ™Å¼czyzna,18 - 29,185,95,Tak,Nie,studia dzienne,"aktywnie (uprawiam sport), pasywnie (netflix and chill)",raz w miesiÄ…cu,
2020-11-08 21:03:16,Kobieta,30 - 39,181,64,Tak,Tak,praca,pasywnie (netflix and chill),kilka razy w tygodniu,
2020-11-08 21:03:19,MÄ™Å¼czyzna,50 - 59,183,110,Tak,Nie,praca,pasywnie (netflix and chill),raz w miesiÄ…cu,
2020-11-08 21:10:25,MÄ™Å¼czyzna,18 - 29,175,66,Tak,Tak,praca,"pasywnie (netflix and chill), zdobywam nowe umiejÄ™tnoÅ›ci (gra na gitarze, gotowanie..)",raz w tygodniu,
2020-11-08 21:18:08,Kobieta,18 - 29,175,64,Tak,Tak,studia dzienne,aktywnie (uprawiam sport),kilka razy w tygodniu,
2020-11-08 21:21:30,Kobieta,50 - 59,156,75,Tak,Nie,praca,"zdobywam nowe umiejÄ™tnoÅ›ci (gra na gitarze, gotowanie..), poÅ›wiÄ™cam siÄ™ swojemu hobby",nigdy,
2020-11-08 21:23:11,Kobieta,40 - 49,175,90,Tak,Nie,praca,Czytanie ksiÄ…Å¼ek ,Kilka razy w miesiÄ…cu ,
2020-11-08 21:28:37,Kobieta,30 - 39,165,75,Tak,Nie,praca,Opieka nad synami wiÄ…Å¼e siÄ™ z brakiem wolnego czasu.,rzadziej niÅ¼ raz w miesiÄ…cu,"Brak mi czasu na kultywowanie zdrowych nawykÃ³w Å¼ywieniowych, tzn. jedzenie w poÅ›piechu i zbyt rzadko."
2020-11-08 21:33:20,Kobieta,40 - 49,164,65,Tak,Nie,praca,"zdobywam nowe umiejÄ™tnoÅ›ci (gra na gitarze, gotowanie..)",raz w miesiÄ…cu,
2020-11-08 21:43:20,Kobieta,18 - 29,175,50,Tak,Nie,"studia dzienne, praca","aktywnie (uprawiam sport), pasywnie (netflix and chill)",raz w miesiÄ…cu,
2020-11-08 21:43:56,Kobieta,18 - 29,163,60,Nie,Tak,studia dzienne,"aktywnie (uprawiam sport), pasywnie (netflix and chill)",raz w miesiÄ…cu,
2020-11-08 21:50:01,Kobieta,30 - 39,164,90,Tak,Tak,praca,pasywnie (netflix and chill),raz w tygodniu,"Mam nadzieje, Å¼e pomoglam ğŸ˜Š"
2020-11-08 21:58:10,Kobieta,50 - 59,160,54,Tak,Nie,praca,Wykonuje prace zawodowÄ…- brak akrywnosci oraz prace domowe -aktywnie,nigdy,
2020-11-08 21:59:09,Kobieta,60 +,170,83,Tak,Nie,praca,"zdobywam nowe umiejÄ™tnoÅ›ci (gra na gitarze, gotowanie..)",rzadziej niÅ¼ raz w miesiÄ…cu,
2020-11-08 22:10:28,Kobieta,18 - 29,175,67,Tak,Nie,"studia dzienne, praca",pasywnie (netflix and chill),raz w miesiÄ…cu,
2020-11-08 22:12:44,MÄ™Å¼czyzna,18 - 29,175,70,Tak,Nie,"studia dzienne, praca","aktywnie (uprawiam sport), pasywnie (netflix and chill)",raz w tygodniu,
2020-11-08 22:17:13,MÄ™Å¼czyzna,18 - 29,189,72,Nie,Tak,"studia dzienne, praca","aktywnie (uprawiam sport), pasywnie (netflix and chill), zdobywam nowe umiejÄ™tnoÅ›ci (gra na gitarze, gotowanie..), poÅ›wiÄ™cam siÄ™ swojemu hobby",kilka razy w tygodniu,
2020-11-08 22:19:21,Kobieta,18 - 29,171,54,Tak,Tak,"studia dzienne, praca","aktywnie (uprawiam sport), pasywnie (netflix and chill), zdobywam nowe umiejÄ™tnoÅ›ci (gra na gitarze, gotowanie..), poÅ›wiÄ™cam siÄ™ swojemu hobby",raz w tygodniu,
2020-11-08 22:22:32,MÄ™Å¼czyzna,18 - 29,176,80,Tak,Nie,"studia dzienne, Sex","aktywnie (uprawiam sport), pasywnie (netflix and chill), zdobywam nowe umiejÄ™tnoÅ›ci (gra na gitarze, gotowanie..), poÅ›wiÄ™cam siÄ™ swojemu hobby",kilka razy w tygodniu,
2020-11-08 22:23:01,Kobieta,18 - 29,172,69,Nie,Tak,studia dzienne,poÅ›wiÄ™cam siÄ™ swojemu hobby,raz w miesiÄ…cu,
2020-11-08 22:29:41,MÄ™Å¼czyzna,18 - 29,181,86,Tak,Nie,studia dzienne,"aktywnie (uprawiam sport), pasywnie (netflix and chill), zdobywam nowe umiejÄ™tnoÅ›ci (gra na gitarze, gotowanie..), poÅ›wiÄ™cam siÄ™ swojemu hobby",raz w tygodniu,
2020-11-08 22:37:11,Kobieta,18 - 29,180,82,Tak,Nie,studia dzienne,"aktywnie (uprawiam sport), pasywnie (netflix and chill)",raz w miesiÄ…cu,
2020-11-08 22:37:51,MÄ™Å¼czyzna,18 - 29,176,82,Tak,Tak,"studia dzienne, praca",poÅ›wiÄ™cam siÄ™ swojemu hobby,raz w tygodniu,
2020-11-08 22:48:36,Kobieta,18 - 29,164,61,Tak,Nie,"studia zaoczne, praca",pasywnie (netflix and chill),raz w tygodniu,
2020-11-08 22:50:30,Kobieta,18 - 29,160,46,Tak,Tak,"studia zaoczne, praca","aktywnie (uprawiam sport), pasywnie (netflix and chill)",raz w tygodniu,
2020-11-08 22:57:11,Kobieta,18 - 29,169,91,Tak,Nie,studia dzienne,"pasywnie (netflix and chill), zdobywam nowe umiejÄ™tnoÅ›ci (gra na gitarze, gotowanie..)",rzadziej niÅ¼ raz w miesiÄ…cu,
2020-11-08 22:59:20,Kobieta,18 - 29,167,60,Tak,Nie,studia zaoczne,pasywnie (netflix and chill),rzadziej niÅ¼ raz w miesiÄ…cu,
2020-11-08 23:03:06,Kobieta,18 - 29,169,80,Tak,Tak,studia dzienne,pasywnie (netflix and chill),raz w tygodniu,
2020-11-08 23:05:45,Kobieta,50 - 59,160,53,Tak,Nie,praca,aktywnie (uprawiam sport),rzadziej niÅ¼ raz w miesiÄ…cu,
2020-11-08 23:05:59,MÄ™Å¼czyzna,18 - 29,198,75,Tak,Nie,studia dzienne,aktywnie (uprawiam sport),raz w miesiÄ…cu,
2020-11-08 23:18:59,MÄ™Å¼czyzna,18 - 29,180,83,Tak,Tak,studia dzienne,"aktywnie (uprawiam sport), zdobywam nowe umiejÄ™tnoÅ›ci (gra na gitarze, gotowanie..)",raz w tygodniu,
2020-11-08 23:21:52,Kobieta,40 - 49,166,80,Tak,Tak,praca,poÅ›wiÄ™cam siÄ™ swojemu hobby,raz w miesiÄ…cu,
2020-11-08 23:30:17,Kobieta,18 - 29,158,60,Tak,Nie,studia dzienne,"pasywnie (netflix and chill), poÅ›wiÄ™cam siÄ™ swojemu hobby",kilka razy w tygodniu,
2020-11-08 23:39:28,MÄ™Å¼czyzna,50 - 59,170,75,Tak,Tak,praca,"aktywnie (uprawiam sport), zdobywam nowe umiejÄ™tnoÅ›ci (gra na gitarze, gotowanie..), poÅ›wiÄ™cam siÄ™ swojemu hobby",rzadziej niÅ¼ raz w miesiÄ…cu,
2020-11-08 23:52:26,MÄ™Å¼czyzna,18 - 29,170,68,Tak,Tak,"studia dzienne, praca","aktywnie (uprawiam sport), pasywnie (netflix and chill), zdobywam nowe umiejÄ™tnoÅ›ci (gra na gitarze, gotowanie..), poÅ›wiÄ™cam siÄ™ swojemu hobby",raz w tygodniu,
2020-11-08 23:59:07,MÄ™Å¼czyzna,18 - 29,174,79,Tak,Nie,studia dzienne,"aktywnie (uprawiam sport), pasywnie (netflix and chill), zdobywam nowe umiejÄ™tnoÅ›ci (gra na gitarze, gotowanie..)",raz w tygodniu,Wiadomo kiedy drwal w maku? 
2020-11-09 00:00:51,Kobieta,18 - 29,170,60,Tak,Nie,studia dzienne,aktywnie (uprawiam sport),raz w tygodniu,
2020-11-09 00:15:06,Kobieta,18 - 29,167,59,Tak,Nie,praca,aktywnie (uprawiam sport),kilka razy w tygodniu,
2020-11-09 00:15:16,Kobieta,50 - 59,170,64,Tak,Tak,praca,poÅ›wiÄ™cam siÄ™ swojemu hobby,rzadziej niÅ¼ raz w miesiÄ…cu,
2020-11-09 00:15:20,MÄ™Å¼czyzna,18 - 29,185,80,Tak,Tak,studia dzienne,"pasywnie (netflix and chill), zdobywam nowe umiejÄ™tnoÅ›ci (gra na gitarze, gotowanie..)",raz w miesiÄ…cu,
2020-11-09 00:28:55,MÄ™Å¼czyzna,18 - 29,174,70,Tak,Nie,studia dzienne,"aktywnie (uprawiam sport), pasywnie (netflix and chill)",rzadziej niÅ¼ raz w miesiÄ…cu,
2020-11-09 00:58:31,MÄ™Å¼czyzna,18 - 29,181,92,Tak,Nie,"studia dzienne, praca","aktywnie (uprawiam sport), poÅ›wiÄ™cam siÄ™ swojemu hobby",raz w miesiÄ…cu,
2020-11-09 01:28:51,Kobieta,18 - 29,163,57,Tak,Nie,studia dzienne,"aktywnie (uprawiam sport), zdobywam nowe umiejÄ™tnoÅ›ci (gra na gitarze, gotowanie..)",raz w tygodniu,
2020-11-09 01:46:40,Kobieta,18 - 29,172,65.5,Tak,Nie,"studia dzienne, praca","pasywnie (netflix and chill), poÅ›wiÄ™cam siÄ™ swojemu hobby",raz w tygodniu,
2020-11-09 02:44:38,Kobieta,18 - 29,158,84,Tak,Nie,studia dzienne,poÅ›wiÄ™cam siÄ™ swojemu hobby,raz w miesiÄ…cu,
2020-11-09 06:27:58,MÄ™Å¼czyzna,18 - 29,172,64,Tak,Tak,studia dzienne,pasywnie (netflix and chill),kilka razy w tygodniu,
2020-11-09 06:38:29,MÄ™Å¼czyzna,30 - 39,195,115,Tak,Tak,studia dzienne,"aktywnie (uprawiam sport), pasywnie (netflix and chill)",raz w miesiÄ…cu,
2020-11-09 06:42:31,Kobieta,18 - 29,165,62,Tak,Nie,"studia dzienne, praca","pasywnie (netflix and chill), poÅ›wiÄ™cam siÄ™ swojemu hobby",Tak do dwÃ³ch razy do roku,
2020-11-09 06:46:57,MÄ™Å¼czyzna,18 - 29,184,76,Tak,Nie,studia dzienne,"pasywnie (netflix and chill), poÅ›wiÄ™cam siÄ™ swojemu hobby",raz w miesiÄ…cu,
2020-11-09 06:59:25,Kobieta,50 - 59,160,160,Tak,Nie,praca,aktywnie (uprawiam sport),rzadziej niÅ¼ raz w miesiÄ…cu,
2020-11-09 07:36:47,Kobieta,18 - 29,160,65,Tak,Nie,"studia dzienne, praca",pasywnie (netflix and chill),raz w tygodniu,
2020-11-09 08:07:13,MÄ™Å¼czyzna,18 - 29,178,67,Tak,Nie,"studia dzienne, praca","aktywnie (uprawiam sport), zdobywam nowe umiejÄ™tnoÅ›ci (gra na gitarze, gotowanie..), OglÄ…dam filmy",raz w miesiÄ…cu,Bardzo fajna ankieta ğŸ˜
2020-11-09 08:07:25,MÄ™Å¼czyzna,18 - 29,187,93,Tak,Tak,studia dzienne,aktywnie (uprawiam sport),kilka razy w tygodniu,
2020-11-09 08:08:48,MÄ™Å¼czyzna,30 - 39,178,93,Tak,Nie,praca,"aktywnie (uprawiam sport), pasywnie (netflix and chill)",rzadziej niÅ¼ raz w miesiÄ…cu,
2020-11-09 08:09:03,MÄ™Å¼czyzna,18 - 29,183,70,Tak,Nie,praca,"zdobywam nowe umiejÄ™tnoÅ›ci (gra na gitarze, gotowanie..), poÅ›wiÄ™cam siÄ™ swojemu hobby",raz w tygodniu,
2020-11-09 08:17:07,MÄ™Å¼czyzna,18 - 29,191,100,Tak,Nie,studia dzienne,"aktywnie (uprawiam sport), pasywnie (netflix and chill)",tylko na weekend,
2020-11-09 08:20:15,MÄ™Å¼czyzna,50 - 59,182,96,Tak,Tak,praca,"aktywnie (uprawiam sport), pasywnie (netflix and chill), zdobywam nowe umiejÄ™tnoÅ›ci (gra na gitarze, gotowanie..), poÅ›wiÄ™cam siÄ™ swojemu hobby",rzadziej niÅ¼ raz w miesiÄ…cu,
2020-11-09 08:27:27,Kobieta,18 - 29,162,55,Nie,Nie,"studia dzienne, praca","pasywnie (netflix and chill), znajomi",rzadziej niÅ¼ raz w miesiÄ…cu,
2020-11-09 08:59:52,Kobieta,18 - 29,162,48,Tak,Nie,"studia zaoczne, praca","pasywnie (netflix and chill), zdobywam nowe umiejÄ™tnoÅ›ci (gra na gitarze, gotowanie..)",raz w tygodniu,
2020-11-09 09:05:51,MÄ™Å¼czyzna,18 - 29,179,100,Nie,Nie,"studia dzienne, praca","zaleÅ¼nie od sytuacji, albo pasja, albo spacer, albo ksiÄ…Å¼ka",raz w miesiÄ…cu,
2020-11-09 09:07:29,Kobieta,18 - 29,158,50,Tak,Tak,studia dzienne,pasywnie (netflix and chill),raz w tygodniu,
2020-11-09 09:40:47,Kobieta,18 - 29,173,63,Tak,Tak,studia dzienne,"pasywnie (netflix and chill), zdobywam nowe umiejÄ™tnoÅ›ci (gra na gitarze, gotowanie..)",raz w tygodniu,
2020-11-09 09:56:50,MÄ™Å¼czyzna,18 - 29,182,74,Tak,Tak,"studia dzienne, praca","aktywnie (uprawiam sport), poÅ›wiÄ™cam siÄ™ swojemu hobby",rzadziej niÅ¼ raz w miesiÄ…cu,
2020-11-09 10:05:33,MÄ™Å¼czyzna,18 - 29,185,80,Tak,Tak,studia dzienne,"aktywnie (uprawiam sport), poÅ›wiÄ™cam siÄ™ swojemu hobby",rzadziej niÅ¼ raz w miesiÄ…cu,
2020-11-09 10:20:45,MÄ™Å¼czyzna,18 - 29,175,89,Tak,Nie,studia dzienne,"aktywnie (uprawiam sport), poÅ›wiÄ™cam siÄ™ swojemu hobby",raz w tygodniu,
2020-11-09 10:38:45,Kobieta,18 - 29,173,57,Tak,Tak,"studia dzienne, praca","aktywnie (uprawiam sport), pasywnie (netflix and chill)",raz w tygodniu,
2020-11-09 11:32:56,Kobieta,40 - 49,170,70,Tak,Nie,praca,poÅ›wiÄ™cam siÄ™ swojemu hobby,nigdy,
2020-11-09 11:37:34,MÄ™Å¼czyzna,50 - 59,178,88,Tak,Tak,praca,poÅ›wiÄ™cam siÄ™ swojemu hobby,rzadziej niÅ¼ raz w miesiÄ…cu,
2020-11-09 11:53:45,Kobieta,18 - 29,159,60,Tak,Nie,studia dzienne,"aktywnie (uprawiam sport), zdobywam nowe umiejÄ™tnoÅ›ci (gra na gitarze, gotowanie..), poÅ›wiÄ™cam siÄ™ swojemu hobby",raz w miesiÄ…cu,
2020-11-09 12:04:59,MÄ™Å¼czyzna,50 - 59,180,93,Tak,Nie,praca,pasywnie (netflix and chill),rzadziej niÅ¼ raz w miesiÄ…cu,ChodziÅ‚em 4 do 5 razy w tyg na siÅ‚owniÄ™ ale przyszÅ‚a pandemia wiÄ™c zostaÅ‚ chill 
2020-11-09 12:14:15,Kobieta,18 - 29,185,67,Tak,Nie,studia dzienne,"pasywnie (netflix and chill), zdobywam nowe umiejÄ™tnoÅ›ci (gra na gitarze, gotowanie..)",raz w tygodniu,
2020-11-09 12:19:03,Kobieta,18 - 29,178,72,Tak,Tak,studia dzienne,pasywnie (netflix and chill),raz w tygodniu,
2020-11-09 12:30:17,Kobieta,18 - 29,174,62,Tak,Nie,studia dzienne,"aktywnie (uprawiam sport), pasywnie (netflix and chill)",raz w tygodniu,
2020-11-09 13:02:44,MÄ™Å¼czyzna,50 - 59,180,91,Tak,Tak,praca,"aktywnie (uprawiam sport), poÅ›wiÄ™cam siÄ™ swojemu hobby",rzadziej niÅ¼ raz w miesiÄ…cu,
2020-11-09 13:09:08,Kobieta,18 - 29,164,68,Tak,Nie,"studia dzienne, praca",pasywnie (netflix and chill),kilka razy w tygodniu,
2020-11-09 13:18:23,Kobieta,18 - 29,170,70,Nie,Tak,studia dzienne,"aktywnie (uprawiam sport), pasywnie (netflix and chill)",rzadziej niÅ¼ raz w miesiÄ…cu,
2020-11-09 14:27:21,MÄ™Å¼czyzna,18 - 29,177,75,Nie,Tak,studia dzienne,pasywnie (netflix and chill),rzadziej niÅ¼ raz w miesiÄ…cu,
2020-11-09 15:39:45,Kobieta,18 - 29,170,60,Tak,Nie,praca,"aktywnie (uprawiam sport), pasywnie (netflix and chill)",rzadziej niÅ¼ raz w miesiÄ…cu,
2020-11-09 15:44:54,Kobieta,50 - 59,162,85,Tak,Nie,praca,"pasywnie (netflix and chill), poÅ›wiÄ™cam siÄ™ swojemu hobby",rzadziej niÅ¼ raz w miesiÄ…cu,
2020-11-09 15:46:00,MÄ™Å¼czyzna,18 - 29,179,105,Tak,Nie,studia dzienne,"pasywnie (netflix and chill), poÅ›wiÄ™cam siÄ™ swojemu hobby",raz w tygodniu,
2020-11-09 15:50:33,MÄ™Å¼czyzna,18 - 29,188,86,Tak,Nie,praca,"aktywnie (uprawiam sport), pasywnie (netflix and chill), poÅ›wiÄ™cam siÄ™ swojemu hobby",raz w tygodniu,
2020-11-09 16:06:03,MÄ™Å¼czyzna,18 - 29,182,79,Tak,Nie,"studia zaoczne, praca","aktywnie (uprawiam sport), pasywnie (netflix and chill)",raz w tygodniu,
2020-11-09 16:07:01,MÄ™Å¼czyzna,18 - 29,176,81,Tak,Tak,studia dzienne,aktywnie (uprawiam sport),raz w tygodniu,Co to za pojebana ankieta?
2020-11-09 17:30:15,MÄ™Å¼czyzna,18 - 29,186,88,Tak,Nie,studia dzienne,"aktywnie (uprawiam sport), zdobywam nowe umiejÄ™tnoÅ›ci (gra na gitarze, gotowanie..), poÅ›wiÄ™cam siÄ™ swojemu hobby",raz w miesiÄ…cu,***** ***
2020-11-09 18:03:33,Kobieta,18 - 29,162,54,Tak,Nie,studia dzienne,pasywnie (netflix and chill),raz w tygodniu,
2020-11-09 18:15:43,Kobieta,18 - 29,174,75,Tak,Nie,studia dzienne,pasywnie (netflix and chill),raz w tygodniu,
2020-11-09 18:32:06,Kobieta,40 - 49,169,65,Tak,Nie,praca,"Uprawiam  yogÄ™, chodzÄ™ na dÅ‚ugie spacery",rzadziej niÅ¼ raz w miesiÄ…cu,
2020-11-09 20:11:04,MÄ™Å¼czyzna,40 - 49,177,95,Tak,Tak,praca,aktywnie (uprawiam sport),raz w miesiÄ…cu,
2020-11-09 20:14:52,Kobieta,40 - 49,165,71,Tak,Nie,praca,poÅ›wiÄ™cam siÄ™ swojemu hobby,raz w miesiÄ…cu,
2020-11-09 20:52:56,MÄ™Å¼czyzna,18 - 29,185,85,Tak,Nie,studia dzienne,"aktywnie (uprawiam sport), pasywnie (netflix and chill), poÅ›wiÄ™cam siÄ™ swojemu hobby",Albo kilka razy w tygodniu albo prawie w ogÃ³le ,Git ankieta
2020-11-10 01:11:28,MÄ™Å¼czyzna,60 +,180,82,Tak,Nie,praca,poÅ›wiÄ™cam siÄ™ swojemu hobby,rzadziej niÅ¼ raz w miesiÄ…cu,
2020-11-10 13:44:05,Kobieta,50 - 59,160,57,Tak,Nie,praca,OgrÃ³d ksiÄ…Å¼ki ,nigdy,Ok
2020-11-10 13:49:00,MÄ™Å¼czyzna,18 - 29,183,81,Tak,Nie,studia dzienne,"aktywnie (uprawiam sport), pasywnie (netflix and chill)",rzadziej niÅ¼ raz w miesiÄ…cu,
2020-11-10 13:55:33,MÄ™Å¼czyzna,18 - 29,185,75,Tak,Nie,"studia dzienne, praca",pasywnie (netflix and chill),raz w tygodniu,
2020-11-10 14:47:09,Kobieta,18 - 29,170,85,Tak,Nie,"studia dzienne, praca","aktywnie (uprawiam sport), pasywnie (netflix and chill), zdobywam nowe umiejÄ™tnoÅ›ci (gra na gitarze, gotowanie..), poÅ›wiÄ™cam siÄ™ swojemu hobby",raz w tygodniu,
2020-11-10 17:00:31,Kobieta,50 - 59,156,65,Tak,Tak,praca,pasywnie (netflix and chill),rzadziej niÅ¼ raz w miesiÄ…cu,
2020-11-10 17:31:42,Kobieta,50 - 59,164,75,Tak,Tak,praca,aktywnie (uprawiam sport),raz w miesiÄ…cu,
2020-11-10 18:59:00,Kobieta,30 - 39,169,80,Tak,Nie,praca,poÅ›wiÄ™cam siÄ™ swojemu hobby,rzadziej niÅ¼ raz w miesiÄ…cu,
2020-11-10 20:22:15,Kobieta,18 - 29,165,48,Tak,Tak,"studia zaoczne, praca",pasywnie (netflix and chill),raz w tygodniu,
2020-11-10 21:41:34,Kobieta,18 - 29,170,62,Tak,Tak,"studia dzienne, praca",pasywnie (netflix and chill),raz w tygodniu,
2020-11-11 11:55:06,Kobieta,18 - 29,154,52,Tak,Nie,studia dzienne,"aktywnie (uprawiam sport), pasywnie (netflix and chill), zdobywam nowe umiejÄ™tnoÅ›ci (gra na gitarze, gotowanie..), poÅ›wiÄ™cam siÄ™ swojemu hobby",raz w miesiÄ…cu,
2020-11-11 12:00:24,MÄ™Å¼czyzna,18 - 29,180,100,Tak,Nie,"studia zaoczne, praca","aktywnie (uprawiam sport), pasywnie (netflix and chill), poÅ›wiÄ™cam siÄ™ swojemu hobby",kilka razy w tygodniu,
2020-11-11 12:05:35,Kobieta,18 - 29,166,66,Tak,Nie,studia dzienne,aktywnie (uprawiam sport),raz w tygodniu,
2020-11-13 09:37:09,MÄ™Å¼czyzna,40 - 49,188,109,Tak,Nie,praca,"zdobywam nowe umiejÄ™tnoÅ›ci (gra na gitarze, gotowanie..), poÅ›wiÄ™cam siÄ™ swojemu hobby",raz w miesiÄ…cu,ok
2020-11-13 09:39:47,MÄ™Å¼czyzna,30 - 39,180,85,Tak,Nie,praca,aktywnie (uprawiam sport),raz w tygodniu,
2020-11-13 09:39:48,MÄ™Å¼czyzna,30 - 39,188,98,Tak,Tak,praca,pasywnie (netflix and chill),raz w tygodniu,
2020-11-13 09:40:56,Kobieta,40 - 49,168,66,Tak,Nie,praca,pasywnie (netflix and chill),rzadziej niÅ¼ raz w miesiÄ…cu,
2020-11-13 09:58:25,MÄ™Å¼czyzna,18 - 29,178,53,Tak,Tak,studia dzienne,"pasywnie (netflix and chill), poÅ›wiÄ™cam siÄ™ swojemu hobby",rzadziej niÅ¼ raz w miesiÄ…cu,
2020-11-13 10:08:06,MÄ™Å¼czyzna,40 - 49,182,110,Tak,Nie,praca,"aktywnie (uprawiam sport), pasywnie (netflix and chill)",raz w miesiÄ…cu,
2020-11-13 10:09:53,MÄ™Å¼czyzna,40 - 49,168,72,Tak,Nie,praca,Nie mam wolnego czasu,raz w miesiÄ…cu,
2020-11-13 10:11:44,Kobieta,18 - 29,157,54,Tak,Tak,praca,"Nie mam czasu wolnego. Wracam z pracy i zajmujÄ™ siÄ™ obowiÄ…zkami domowymi i potem drugÄ… pracÄ…, ktÃ³rÄ… wykonujÄ™ w domu.",rzadziej niÅ¼ raz w miesiÄ…cu,"Obydwie moje prace sÄ… raczej siedzÄ…ce. GÅ‚Ã³wnie caÅ‚y dzieÅ„ spÄ™dzam przed komputerem. Ruch mam przy robieniu zakupÃ³w, dÅºwiganiu siat z zakupami i przy obowiÄ…zkach domowych :P"
2020-11-13 10:12:23,Kobieta,40 - 49,170,80,Tak,Tak,praca,"zdobywam nowe umiejÄ™tnoÅ›ci (gra na gitarze, gotowanie..), poÅ›wiÄ™cam siÄ™ swojemu hobby",rzadziej niÅ¼ raz w miesiÄ…cu,
2020-11-13 10:14:27,MÄ™Å¼czyzna,18 - 29,193,72,Tak,Tak,"studia zaoczne, praca","pasywnie (netflix and chill), poÅ›wiÄ™cam siÄ™ swojemu hobby",raz w miesiÄ…cu,
2020-11-13 10:53:34,MÄ™Å¼czyzna,40 - 49,175,92,Tak,Nie,praca,"aktywnie (uprawiam sport), Na dziaÅ‚ce",rzadziej niÅ¼ raz w miesiÄ…cu,
2020-11-13 13:11:15,MÄ™Å¼czyzna,30 - 39,172,89,Tak,Tak,praca,poÅ›wiÄ™cam siÄ™ swojemu hobby,raz w miesiÄ…cu,
2020-11-13 16:46:46,Kobieta,40 - 49,164,60,Tak,Nie,praca,poÅ›wiÄ™cam siÄ™ swojemu hobby,rzadziej niÅ¼ raz w miesiÄ…cu,
2020-11-13 17:07:25,Kobieta,50 - 59,170,57,Tak,Nie,praca,"czytam duÅ¼o ksiÄ…Å¼ek, trochÄ™ spacerujÄ™",ze dwa razy w roku,
2020-11-16 13:41:34,MÄ™Å¼czyzna,40 - 49,175,73,Tak,Nie,praca,"aktywnie (uprawiam sport), pasywnie (netflix and chill), poÅ›wiÄ™cam siÄ™ swojemu hobby",raz w tygodniu,
2020-12-10 21:09:12,Kobieta,18 - 29,167,49,Tak,Tak,"studia zaoczne, praca","aktywnie (uprawiam sport), pasywnie (netflix and chill)",raz w tygodniu,
2020-12-10 22:39:52,Kobieta,18 - 29,173,69,Tak,Tak,studia dzienne,aktywnie (uprawiam sport),rzadziej niÅ¼ raz w miesiÄ…cu,
2020-12-10 23:26:14,Kobieta,18 - 29,170,63,Tak,Nie,studia dzienne,"aktywnie (uprawiam sport), pasywnie (netflix and chill)",raz w tygodniu,
2020-12-11 00:36:00,MÄ™Å¼czyzna,18 - 29,183,95,Tak,Nie,praca,"pasywnie (netflix and chill), zdobywam nowe umiejÄ™tnoÅ›ci (gra na gitarze, gotowanie..), poÅ›wiÄ™cam siÄ™ swojemu hobby",raz w tygodniu,
2020-12-11 01:15:50,Kobieta,18 - 29,175,58,Tak,Nie,studia dzienne,"pasywnie (netflix and chill), poÅ›wiÄ™cam siÄ™ swojemu hobby, Czytam, spotykam siÄ™ ze znajomymi, zajmuje siÄ™ psem",Raz na dwa/trzy tygodnie ,
2020-12-11 06:35:45,Kobieta,18 - 29,157,53,Tak,Nie,praca,pasywnie (netflix and chill),raz w tygodniu,
2020-12-11 09:32:26,Kobieta,18 - 29,165,58,Tak,Nie,liceum ,"aktywnie (uprawiam sport), pasywnie (netflix and chill), zdobywam nowe umiejÄ™tnoÅ›ci (gra na gitarze, gotowanie..), poÅ›wiÄ™cam siÄ™ swojemu hobby, zaangaÅ¼owanie w organizacje ",rzadziej niÅ¼ raz w miesiÄ…cu,
2020-12-11 09:55:06,Kobieta,18 - 29,160,67,Tak,Tak,studia zaoczne,pasywnie (netflix and chill),raz w miesiÄ…cu,
2020-12-11 10:02:47,MÄ™Å¼czyzna,18 - 29,181,75,Tak,Nie,studia dzienne,"aktywnie (uprawiam sport), pasywnie (netflix and chill), zdobywam nowe umiejÄ™tnoÅ›ci (gra na gitarze, gotowanie..), poÅ›wiÄ™cam siÄ™ swojemu hobby",raz w miesiÄ…cu,
2020-12-11 13:40:49,Kobieta,18 - 29,163,48,Tak,Nie,studia dzienne,poÅ›wiÄ™cam siÄ™ swojemu hobby,raz w miesiÄ…cu,
2020-12-11 16:16:26,Kobieta,18 - 29,173,58,Tak,Nie,studia dzienne,"pasywnie (netflix and chill), zdobywam nowe umiejÄ™tnoÅ›ci (gra na gitarze, gotowanie..), poÅ›wiÄ™cam siÄ™ swojemu hobby","Kilka razy w miesiÄ…cu, czasem 2 razy, czasem 5",
2020-12-11 16:19:46,Kobieta,18 - 29,166,53,Tak,Nie,studia dzienne,"aktywnie (uprawiam sport), poÅ›wiÄ™cam siÄ™ swojemu hobby",raz w miesiÄ…cu,
2020-12-11 19:21:14,Kobieta,18 - 29,164,51,Tak,Nie,studia dzienne,pasywnie (netflix and chill),raz w miesiÄ…cu,
2020-12-12 18:04:24,Kobieta,18 - 29,170,55,Tak,Tak,"studia zaoczne, praca",pasywnie (netflix and chill),raz w miesiÄ…cu,
2020-12-12 18:35:33,Kobieta,18 - 29,153,50,Tak,Nie,studia dzienne,"zdobywam nowe umiejÄ™tnoÅ›ci (gra na gitarze, gotowanie..)",nigdy,
2020-12-19 20:42:41,Kobieta,30 - 39,173,80,Tak,Nie,praca,"aktywnie (uprawiam sport), pasywnie (netflix and chill), zdobywam nowe umiejÄ™tnoÅ›ci (gra na gitarze, gotowanie..), poÅ›wiÄ™cam siÄ™ swojemu hobby",rzadziej niÅ¼ raz w miesiÄ…cu,
2020-12-22 16:45:11,MÄ™Å¼czyzna,50 - 59,171,75,Tak,Tak,praca,"pasywnie (netflix and chill), zdobywam nowe umiejÄ™tnoÅ›ci (gra na gitarze, gotowanie..)",rzadziej niÅ¼ raz w miesiÄ…cu,
2020-12-22 16:45:50,Kobieta,50 - 59,164,65,Tak,Nie,praca,"aktywnie (uprawiam sport), poÅ›wiÄ™cam siÄ™ swojemu hobby",nigdy,
2020-12-22 16:47:37,Kobieta,30 - 39,169,70,Nie,Nie,praca,"pasywnie (netflix and chill), zdobywam nowe umiejÄ™tnoÅ›ci (gra na gitarze, gotowanie..)",raz w miesiÄ…cu,
2020-12-22 16:48:49,Kobieta,60 +,173,80,Tak,Tak,emerytura,"poÅ›wiÄ™cam siÄ™ swojemu hobby, chodzÄ™ na spacery",rzadziej niÅ¼ raz w miesiÄ…cu,
2020-12-22 16:50:03,MÄ™Å¼czyzna,18 - 29,195,100,Tak,Nie,"studia dzienne, praca","aktywnie (uprawiam sport), pasywnie (netflix and chill), zdobywam nowe umiejÄ™tnoÅ›ci (gra na gitarze, gotowanie..)",raz w miesiÄ…cu,
2020-12-22 16:57:10,Kobieta,18 - 29,176,68,Nie,Nie,"studia zaoczne, praca",pasywnie (netflix and chill),raz w miesiÄ…cu,
2020-12-22 16:57:51,MÄ™Å¼czyzna,50 - 59,185,83,Tak,Nie,praca,"pasywnie (netflix and chill), poÅ›wiÄ™cam siÄ™ swojemu hobby",raz w miesiÄ…cu,